Date,Daily minimum temperatures,
01-01-1981,21,
01-02-1981,18,
01-03-1981,19,
01-04-1981,15,
01-05-1981,16,
01-06-1981,16,
01-07-1981,16,
01-08-1981,17,
01-09-1981,22,
01-10-1981,20,
01-11-1981,16,
01-12-1981,13,
1/13/1981,17,
1/14/1981,22,
1/15/1981,25,
1/16/1981,21,
1/17/1981,21,
1/18/1981,25,
1/19/1981,18,
1/20/1981,16,
1/21/1981,18,
1/22/1981,12,
1/23/1981,14,
1/24/1981,16,
1/25/1981,17,
1/26/1981,19,
1/27/1981,19,
1/28/1981,17,
1/29/1981,16,
1/30/1981,15,
1/31/1981,15,
02-01-1981,15,
02-02-1981,19,
02-03-1981,22,
02-04-1981,20,
02-05-1981,17,
02-06-1981,17,
02-07-1981,15,
02-08-1981,17,
02-09-1981,25,
02-10-1981,15,
02-11-1981,14,
02-12-1981,14,
2/13/1981,18,
2/14/1981,22,
2/15/1981,22,
2/16/1981,21,
2/17/1981,18,
2/18/1981,17,
2/19/1981,16,
2/20/1981,16,
2/21/1981,17,
2/22/1981,17,
2/23/1981,14,
2/24/1981,14,
2/25/1981,19,
2/26/1981,17,
2/27/1981,18,
2/28/1981,21,
03-01-1981,18,
03-02-1981,19,
03-03-1981,17,
03-04-1981,16,
03-05-1981,13,
03-06-1981,14,
03-07-1981,11,
03-08-1981,16,
03-09-1981,16,
03-10-1981,12,
03-11-1981,12,
03-12-1981,15,
3/13/1981,12,
3/14/1981,11,
3/15/1981,11,
3/16/1981,12,
3/17/1981,14,
3/18/1981,11,
3/19/1981,17,
3/20/1981,17,
3/21/1981,8,
3/22/1981,8,
3/23/1981,9,
3/24/1981,13,
3/25/1981,11,
3/26/1981,13,
3/27/1981,11,
3/28/1981,15,
3/29/1981,16,
3/30/1981,15,
3/31/1981,16,
04-01-1981,17,
04-02-1981,17,
04-03-1981,18,
04-04-1981,17,
04-05-1981,18,
04-06-1981,17,
04-07-1981,10,
04-08-1981,15,
04-09-1981,16,
04-10-1981,13,
04-11-1981,8,
04-12-1981,12,
4/13/1981,14,
4/14/1981,13,
4/15/1981,13,
4/16/1981,12,
4/17/1981,12,
4/18/1981,13,
4/19/1981,14,
4/20/1981,11,
4/21/1981,9,
4/22/1981,10,
4/23/1981,10,
4/24/1981,12,
4/25/1981,9,
4/26/1981,7,
4/27/1981,10,
4/28/1981,9,
4/29/1981,10,
4/30/1981,7,
05-01-1981,9,
05-02-1981,12,
05-03-1981,14,
05-04-1981,9,
05-05-1981,10,
05-06-1981,14,
05-07-1981,12,
05-08-1981,11,
05-09-1981,11,
05-10-1981,8,
05-11-1981,10,
05-12-1981,11,
5/13/1981,5,
5/14/1981,7,
5/15/1981,9,
5/16/1981,11,
5/17/1981,10,
5/18/1981,6,
5/19/1981,3,
5/20/1981,2,
5/21/1981,3,
5/22/1981,5,
5/23/1981,10,
5/24/1981,12,
5/25/1981,12,
5/26/1981,13,
5/27/1981,11,
5/28/1981,11,
5/29/1981,11,
5/30/1981,12,
5/31/1981,13,
06-01-1981,12,
06-02-1981,11,
06-03-1981,10,
06-04-1981,11,
06-05-1981,6,
06-06-1981,7,
06-07-1981,3,
06-08-1981,4,
06-09-1981,5,
06-10-1981,11,
06-11-1981,6,
06-12-1981,8,
6/13/1981,10,
6/14/1981,11,
6/15/1981,9,
6/16/1981,6,
6/17/1981,3,
6/18/1981,4,
6/19/1981,6,
6/20/1981,4,
6/21/1981,4,
6/22/1981,7,
6/23/1981,5,
6/24/1981,6,
6/25/1981,6,
6/26/1981,7,
6/27/1981,9,
6/28/1981,10,
6/29/1981,10,
6/30/1981,10,
07-01-1981,11,
07-02-1981,10,
07-03-1981,7,
07-04-1981,7,
07-05-1981,7,
07-06-1981,8,
07-07-1981,7,
07-08-1981,8,
07-09-1981,9,
07-10-1981,5,
07-11-1981,7,
07-12-1981,6,
7/13/1981,6,
7/14/1981,7,
7/15/1981,7,
7/16/1981,6,
7/17/1981,9,
7/18/1981,5,
7/19/1981,7,
7/20/1981,10,
7/21/1981,12,
7/22/1981,9,
7/23/1981,9,
7/24/1981,10,
7/25/1981,9,
7/26/1981,9,
7/27/1981,8,
7/28/1981,8,
7/29/1981,6,
7/30/1981,4,
7/31/1981,3,
08-01-1981,6,
08-02-1981,8,
08-03-1981,9,
08-04-1981,10,
08-05-1981,6,
08-06-1981,7,
08-07-1981,7,
08-08-1981,7,
08-09-1981,7,
08-10-1981,5,
08-11-1981,3,
08-12-1981,6,
8/13/1981,8,
8/14/1981,9,
8/15/1981,9,
8/16/1981,10,
8/17/1981,11,
8/18/1981,8,
8/19/1981,10,
8/20/1981,13,
8/21/1981,7,
8/22/1981,8,
8/23/1981,4,
8/24/1981,7,
8/25/1981,5,
8/26/1981,7,
8/27/1981,6,
8/28/1981,6,
8/29/1981,8,
8/30/1981,6,
8/31/1981,6,
09-01-1981,8,
09-02-1981,10,
09-03-1981,10,
09-04-1981,10,
09-05-1981,9,
09-06-1981,8,
09-07-1981,11,
09-08-1981,15,
09-09-1981,12,
09-10-1981,8,
09-11-1981,12,
09-12-1981,10,
9/13/1981,12,
9/14/1981,7,
9/15/1981,11,
9/16/1981,14,
9/17/1981,11,
9/18/1981,17,
9/19/1981,11,
9/20/1981,7,
9/21/1981,11,
9/22/1981,6,
9/23/1981,11,
9/24/1981,7,
9/25/1981,8,
9/26/1981,11,
9/27/1981,8,
9/28/1981,10,
9/29/1981,11,
9/30/1981,12,
10-01-1981,9,
10-02-1981,13,
10-03-1981,9,
10-04-1981,6,
10-05-1981,11,
10-06-1981,13,
10-07-1981,14,
10-08-1981,7,
10-09-1981,13,
10-10-1981,8,
10-11-1981,6,
10-12-1981,6,
10/13/1981,10,
10/14/1981,13,
10/15/1981,8,
10/16/1981,10,
10/17/1981,9,
10/18/1981,7,
10/19/1981,10,
10/20/1981,11,
10/21/1981,13,
10/22/1981,11,
10/23/1981,9,
10/24/1981,7,
10/25/1981,8,
10/26/1981,10,
10/27/1981,13,
10/28/1981,13,
10/29/1981,11,
10/30/1981,11,
10/31/1981,12,
11-01-1981,9,
11-02-1981,12,
11-03-1981,14,
11-04-1981,14,
11-05-1981,10,
11-06-1981,12,
11-07-1981,8,
11-08-1981,10,
11-09-1981,14,
11-10-1981,16,
11-11-1981,11,
11-12-1981,11,
11/13/1981,10,
11/14/1981,10,
11/15/1981,11,
11/16/1981,9,
11/17/1981,9,
11/18/1981,12,
11/19/1981,12,
11/20/1981,13,
11/21/1981,13,
11/22/1981,10,
11/23/1981,16,
11/24/1981,14,
11/25/1981,12,
11/26/1981,10,
11/27/1981,13,
11/28/1981,18,
11/29/1981,15,
11/30/1981,14,
12-01-1981,13,
12-02-1981,11,
12-03-1981,14,
12-04-1981,12,
12-05-1981,13,
12-06-1981,15,
12-07-1981,15,
12-08-1981,13,
12-09-1981,13,
12-10-1981,14,
12-11-1981,15,
12-12-1981,17,
12/13/1981,10,
12/14/1981,12,
12/15/1981,13,
12/16/1981,11,
12/17/1981,16,
12/18/1981,16,
12/19/1981,13,
12/20/1981,11,
12/21/1981,11,
12/22/1981,15,
12/23/1981,13,
12/24/1981,15,
12/25/1981,14,
12/26/1981,14,
12/27/1981,16,
12/28/1981,13,
12/29/1981,16,
12/30/1981,15,
12/31/1981,17,
01-01-1982,17,
01-02-1982,15,
01-03-1982,14,
01-04-1982,15,
01-05-1982,13,
01-06-1982,13,
01-07-1982,14,
01-08-1982,15,
01-09-1982,16,
01-10-1982,16,
01-11-1982,19,
01-12-1982,22,
1/13/1982,16,
1/14/1982,13,
1/15/1982,14,
1/16/1982,16,
1/17/1982,24,
1/18/1982,18,
1/19/1982,20,
1/20/1982,25,
1/21/1982,21,
1/22/1982,19,
1/23/1982,16,
1/24/1982,17,
1/25/1982,18,
1/26/1982,13,
1/27/1982,15,
1/28/1982,13,
1/29/1982,17,
1/30/1982,17,
1/31/1982,14,
02-01-1982,15,
02-02-1982,13,
02-03-1982,15,
02-04-1982,15,
02-05-1982,13,
02-06-1982,14,
02-07-1982,20,
02-08-1982,23,
02-09-1982,17,
02-10-1982,14,
02-11-1982,15,
02-12-1982,17,
2/13/1982,19,
2/14/1982,23,
2/15/1982,26,
2/16/1982,18,
2/17/1982,17,
2/18/1982,15,
2/19/1982,13,
2/20/1982,16,
2/21/1982,16,
2/22/1982,13,
2/23/1982,15,
2/24/1982,14,
2/25/1982,13,
2/26/1982,15,
2/27/1982,10,
2/28/1982,14,
03-01-1982,12,
03-02-1982,14,
03-03-1982,10,
03-04-1982,14,
03-05-1982,22,
03-06-1982,20,
03-07-1982,17,
03-08-1982,19,
03-09-1982,11,
03-10-1982,9,
03-11-1982,10,
03-12-1982,15,
3/13/1982,13,
3/14/1982,17,
3/15/1982,19,
3/16/1982,22,
3/17/1982,16,
3/18/1982,14,
3/19/1982,10,
3/20/1982,14,
3/21/1982,18,
3/22/1982,21,
3/23/1982,16,
3/24/1982,13,
3/25/1982,15,
3/26/1982,17,
3/27/1982,17,
3/28/1982,13,
3/29/1982,14,
3/30/1982,14,
3/31/1982,10,
04-01-1982,10,
04-02-1982,12,
04-03-1982,12,
04-04-1982,11,
04-05-1982,9,
04-06-1982,12,
04-07-1982,12,
04-08-1982,13,
04-09-1982,10,
04-10-1982,15,
04-11-1982,14,
04-12-1982,12,
4/13/1982,14,
4/14/1982,16,
4/15/1982,20,
4/16/1982,14,
4/17/1982,9,
4/18/1982,10,
4/19/1982,7,
4/20/1982,9,
4/21/1982,8,
4/22/1982,9,
4/23/1982,13,
4/24/1982,17,
4/25/1982,13,
4/26/1982,7,
4/27/1982,7,
4/28/1982,9,
4/29/1982,10,
4/30/1982,11,
05-01-1982,8,
05-02-1982,6,
05-03-1982,12,
05-04-1982,14,
05-05-1982,12,
05-06-1982,11,
05-07-1982,10,
05-08-1982,9,
05-09-1982,6,
05-10-1982,8,
05-11-1982,9,
05-12-1982,11,
5/13/1982,11,
5/14/1982,9,
5/15/1982,4,
5/16/1982,5,
5/17/1982,7,
5/18/1982,13,
5/19/1982,15,
5/20/1982,8,
5/21/1982,8,
5/22/1982,6,
5/23/1982,8,
5/24/1982,9,
5/25/1982,11,
5/26/1982,12,
5/27/1982,13,
5/28/1982,14,
5/29/1982,13,
5/30/1982,12,
5/31/1982,7,
06-01-1982,7,
06-02-1982,9,
06-03-1982,3,
06-04-1982,3,
06-05-1982,0,
06-06-1982,2,
06-07-1982,3,
06-08-1982,6,
06-09-1982,2,
06-10-1982,5,
06-11-1982,8,
06-12-1982,7,
6/13/1982,7,
6/14/1982,6,
6/15/1982,7,
6/16/1982,8,
6/17/1982,8,
6/18/1982,8,
6/19/1982,7,
6/20/1982,7,
6/21/1982,6,
6/22/1982,7,
6/23/1982,9,
6/24/1982,4,
6/25/1982,1,
6/26/1982,1,
6/27/1982,4,
6/28/1982,7,
6/29/1982,8,
6/30/1982,9,
07-01-1982,4,
07-02-1982,2,
07-03-1982,3,
07-04-1982,3,
07-05-1982,4,
07-06-1982,7,
07-07-1982,8,
07-08-1982,5,
07-09-1982,2,
07-10-1982,3,
07-11-1982,4,
07-12-1982,8,
7/13/1982,8,
7/14/1982,6,
7/15/1982,3,
7/16/1982,5,
7/17/1982,4,
7/18/1982,4,
7/19/1982,5,
7/20/1982,#VALUE!,
7/21/1982,#VALUE!,
7/22/1982,1,
7/23/1982,4,
7/24/1982,7,
7/25/1982,10,
7/26/1982,9,
7/27/1982,4,
7/28/1982,5,
7/29/1982,6,
7/30/1982,6,
7/31/1982,7,
08-01-1982,10,
08-02-1982,8,
08-03-1982,9,
08-04-1982,3,
08-05-1982,2,
08-06-1982,5,
08-07-1982,4,
08-08-1982,4,
08-09-1982,6,
08-10-1982,12,
08-11-1982,10,
08-12-1982,8,
8/13/1982,9,
8/14/1982,10,
8/15/1982,6,
8/16/1982,8,
8/17/1982,9,
8/18/1982,4,
8/19/1982,7,
8/20/1982,9,
8/21/1982,13,
8/22/1982,7,
8/23/1982,5,
8/24/1982,12,
8/25/1982,11,
8/26/1982,9,
8/27/1982,5,
8/28/1982,7,
8/29/1982,14,
8/30/1982,13,
8/31/1982,8,
09-01-1982,4,
09-02-1982,10,
09-03-1982,11,
09-04-1982,5,
09-05-1982,5,
09-06-1982,8,
09-07-1982,4,
09-08-1982,10,
09-09-1982,6,
09-10-1982,5,
09-11-1982,9,
09-12-1982,9,
9/13/1982,4,
9/14/1982,7,
9/15/1982,7,
9/16/1982,10,
9/17/1982,15,
9/18/1982,9,
9/19/1982,6,
9/20/1982,4,
9/21/1982,4,
9/22/1982,5,
9/23/1982,6,
9/24/1982,9,
9/25/1982,12,
9/26/1982,8,
9/27/1982,9,
9/28/1982,8,
9/29/1982,6,
9/30/1982,6,
10-01-1982,9,
10-02-1982,6,
10-03-1982,13,
10-04-1982,10,
10-05-1982,5,
10-06-1982,6,
10-07-1982,15,
10-08-1982,11,
10-09-1982,9,
10-10-1982,9,
10-11-1982,6,
10-12-1982,11,
10/13/1982,13,
10/14/1982,10,
10/15/1982,8,
10/16/1982,10,
10/17/1982,8,
10/18/1982,6,
10/19/1982,10,
10/20/1982,8,
10/21/1982,9,
10/22/1982,10,
10/23/1982,11,
10/24/1982,8,
10/25/1982,10,
10/26/1982,15,
10/27/1982,14,
10/28/1982,9,
10/29/1982,9,
10/30/1982,13,
10/31/1982,7,
11-01-1982,11,
11-02-1982,7,
11-03-1982,10,
11-04-1982,13,
11-05-1982,14,
11-06-1982,18,
11-07-1982,16,
11-08-1982,11,
11-09-1982,11,
11-10-1982,14,
11-11-1982,10,
11-12-1982,9,
11/13/1982,11,
11/14/1982,15,
11/15/1982,18,
11/16/1982,13,
11/17/1982,11,
11/18/1982,9,
11/19/1982,9,
11/20/1982,12,
11/21/1982,13,
11/22/1982,10,
11/23/1982,14,
11/24/1982,16,
11/25/1982,16,
11/26/1982,12,
11/27/1982,13,
11/28/1982,12,
11/29/1982,14,
11/30/1982,16,
12-01-1982,16,
12-02-1982,10,
12-03-1982,11,
12-04-1982,11,
12-05-1982,12,
12-06-1982,13,
12-07-1982,12,
12-08-1982,11,
12-09-1982,13,
12-10-1982,13,
12-11-1982,12,
12-12-1982,13,
12/13/1982,19,
12/14/1982,15,
12/15/1982,15,
12/16/1982,14,
12/17/1982,16,
12/18/1982,13,
12/19/1982,13,
12/20/1982,14,
12/21/1982,12,
12/22/1982,11,
12/23/1982,16,
12/24/1982,15,
12/25/1982,14,
12/26/1982,13,
12/27/1982,15,
12/28/1982,16,
12/29/1982,16,
12/30/1982,18,
12/31/1982,16,
01-01-1983,18,
01-02-1983,15,
01-03-1983,11,
01-04-1983,11,
01-05-1983,15,
01-06-1983,12,
01-07-1983,13,
01-08-1983,16,
01-09-1983,16,
01-10-1983,13,
01-11-1983,11,
01-12-1983,9,
1/13/1983,11,
1/14/1983,12,
1/15/1983,13,
1/16/1983,13,
1/17/1983,12,
1/18/1983,14,
1/19/1983,13,
1/20/1983,12,
1/21/1983,15,
1/22/1983,12,
1/23/1983,17,
1/24/1983,15,
1/25/1983,11,
1/26/1983,16,
1/27/1983,11,
1/28/1983,13,
1/29/1983,14,
1/30/1983,14,
1/31/1983,14,
02-01-1983,18,
02-02-1983,17,
02-03-1983,13,
02-04-1983,16,
02-05-1983,15,
02-06-1983,16,
02-07-1983,20,
02-08-1983,23,
02-09-1983,17,
02-10-1983,16,
02-11-1983,17,
02-12-1983,14,
2/13/1983,13,
2/14/1983,14,
2/15/1983,18,
2/16/1983,22,
2/17/1983,17,
2/18/1983,14,
2/19/1983,15,
2/20/1983,14,
2/21/1983,16,
2/22/1983,20,
2/23/1983,17,
2/24/1983,14,
2/25/1983,17,
2/26/1983,19,
2/27/1983,20,
2/28/1983,20,
03-01-1983,20,
03-02-1983,22,
03-03-1983,21,
03-04-1983,22,
03-05-1983,21,
03-06-1983,15,
03-07-1983,21,
03-08-1983,22,
03-09-1983,16,
03-10-1983,14,
03-11-1983,15,
03-12-1983,21,
3/13/1983,16,
3/14/1983,15,
3/15/1983,13,
3/16/1983,13,
3/17/1983,13,
3/18/1983,15,
3/19/1983,18,
3/20/1983,16,
3/21/1983,17,
3/22/1983,16,
3/23/1983,15,
3/24/1983,13,
3/25/1983,10,
3/26/1983,11,
3/27/1983,13,
3/28/1983,11,
3/29/1983,10,
3/30/1983,14,
3/31/1983,13,
04-01-1983,13,
04-02-1983,13,
04-03-1983,8,
04-04-1983,11,
04-05-1983,11,
04-06-1983,7,
04-07-1983,7,
04-08-1983,6,
04-09-1983,9,
04-10-1983,15,
04-11-1983,16,
04-12-1983,11,
4/13/1983,12,
4/14/1983,12,
4/15/1983,10,
4/16/1983,6,
4/17/1983,7,
4/18/1983,8,
4/19/1983,9,
4/20/1983,8,
4/21/1983,10,
4/22/1983,15,
4/23/1983,17,
4/24/1983,14,
4/25/1983,11,
4/26/1983,13,
4/27/1983,13,
4/28/1983,9,
4/29/1983,10,
4/30/1983,12,
05-01-1983,13,
05-02-1983,14,
05-03-1983,14,
05-04-1983,14,
05-05-1983,11,
05-06-1983,13,
05-07-1983,12,
05-08-1983,13,
05-09-1983,11,
05-10-1983,14,
05-11-1983,13,
05-12-1983,7,
5/13/1983,10,
5/14/1983,15,
5/15/1983,12,
5/16/1983,7,
5/17/1983,5,
5/18/1983,5,
5/19/1983,7,
5/20/1983,8,
5/21/1983,8,
5/22/1983,6,
5/23/1983,8,
5/24/1983,13,
5/25/1983,12,
5/26/1983,7,
5/27/1983,8,
5/28/1983,12,
5/29/1983,9,
5/30/1983,8,
5/31/1983,9,
06-01-1983,11,
06-02-1983,11,
06-03-1983,5,
06-04-1983,8,
06-05-1983,6,
06-06-1983,7,
06-07-1983,10,
06-08-1983,7,
06-09-1983,8,
06-10-1983,8,
06-11-1983,5,
06-12-1983,7,
6/13/1983,7,
6/14/1983,8,
6/15/1983,10,
6/16/1983,5,
6/17/1983,3,
6/18/1983,2,
6/19/1983,3,
6/20/1983,6,
6/21/1983,12,
6/22/1983,7,
6/23/1983,7,
6/24/1983,8,
6/25/1983,8,
6/26/1983,3,
6/27/1983,4,
6/28/1983,6,
6/29/1983,4,
6/30/1983,6,
07-01-1983,9,
07-02-1983,10,
07-03-1983,10,
07-04-1983,7,
07-05-1983,8,
07-06-1983,8,
07-07-1983,9,
07-08-1983,9,
07-09-1983,8,
07-10-1983,2,
07-11-1983,5,
07-12-1983,6,
7/13/1983,7,
7/14/1983,8,
7/15/1983,7,
7/16/1983,8,
7/17/1983,4,
7/18/1983,5,
7/19/1983,8,
7/20/1983,4,
7/21/1983,3,
7/22/1983,5,
7/23/1983,7,
7/24/1983,0,
7/25/1983,1,
7/26/1983,8,
7/27/1983,12,
7/28/1983,9,
7/29/1983,10,
7/30/1983,10,
7/31/1983,10,
08-01-1983,8,
08-02-1983,8,
08-03-1983,8,
08-04-1983,8,
08-05-1983,5,
08-06-1983,7,
08-07-1983,9,
08-08-1983,9,
08-09-1983,11,
08-10-1983,11,
08-11-1983,10,
08-12-1983,8,
8/13/1983,6,
8/14/1983,9,
8/15/1983,14,
8/16/1983,14,
8/17/1983,8,
8/18/1983,5,
8/19/1983,3,
8/20/1983,5,
8/21/1983,10,
8/22/1983,11,
8/23/1983,11,
8/24/1983,9,
8/25/1983,13,
8/26/1983,6,
8/27/1983,8,
8/28/1983,7,
8/29/1983,8,
8/30/1983,11,
8/31/1983,10,
09-01-1983,10,
09-02-1983,11,
09-03-1983,11,
09-04-1983,6,
09-05-1983,10,
09-06-1983,10,
09-07-1983,11,
09-08-1983,12,
09-09-1983,11,
09-10-1983,9,
09-11-1983,9,
09-12-1983,6,
9/13/1983,7,
9/14/1983,7,
9/15/1983,4,
9/16/1983,5,
9/17/1983,11,
9/18/1983,8,
9/19/1983,12,
9/20/1983,14,
9/21/1983,8,
9/22/1983,9,
9/23/1983,13,
9/24/1983,8,
9/25/1983,8,
9/26/1983,4,
9/27/1983,10,
9/28/1983,15,
9/29/1983,11,
9/30/1983,10,
10-01-1983,9,
10-02-1983,14,
10-03-1983,8,
10-04-1983,10,
10-05-1983,8,
10-06-1983,7,
10-07-1983,7,
10-08-1983,6,
10-09-1983,6,
10-10-1983,8,
10-11-1983,9,
10-12-1983,13,
10/13/1983,13,
10/14/1983,16,
10/15/1983,13,
10/16/1983,12,
10/17/1983,11,
10/18/1983,10,
10/19/1983,12,
10/20/1983,9,
10/21/1983,10,
10/22/1983,8,
10/23/1983,12,
10/24/1983,13,
10/25/1983,13,
10/26/1983,12,
10/27/1983,14,
10/28/1983,12,
10/29/1983,9,
10/30/1983,9,
10/31/1983,10,
11-01-1983,12,
11-02-1983,11,
11-03-1983,13,
11-04-1983,11,
11-05-1983,8,
11-06-1983,8,
11-07-1983,14,
11-08-1983,15,
11-09-1983,11,
11-10-1983,8,
11-11-1983,10,
11-12-1983,11,
11/13/1983,11,
11/14/1983,13,
11/15/1983,13,
11/16/1983,9,
11/17/1983,6,
11/18/1983,10,
11/19/1983,7,
11/20/1983,11,
11/21/1983,10,
11/22/1983,16,
11/23/1983,15,
11/24/1983,15,
11/25/1983,16,
11/26/1983,15,
11/27/1983,14,
11/28/1983,16,
11/29/1983,17,
11/30/1983,18,
12-01-1983,12,
12-02-1983,11,
12-03-1983,13,
12-04-1983,13,
12-05-1983,12,
12-06-1983,15,
12-07-1983,13,
12-08-1983,12,
12-09-1983,14,
12-10-1983,11,
12-11-1983,12,
12-12-1983,17,
12/13/1983,15,
12/14/1983,11,
12/15/1983,14,
12/16/1983,15,
12/17/1983,15,
12/18/1983,15,
12/19/1983,13,
12/20/1983,20,
12/21/1983,18,
12/22/1983,12,
12/23/1983,17,
12/24/1983,14,
12/25/1983,18,
12/26/1983,15,
12/27/1983,14,
12/28/1983,11,
12/29/1983,16,
12/30/1983,20,
12/31/1983,18,
01-01-1984,20,
01-02-1984,17,
01-03-1984,17,
01-04-1984,12,
01-05-1984,11,
01-06-1984,16,
01-07-1984,16,
01-08-1984,13,
01-09-1984,13,
01-10-1984,15,
01-11-1984,13,
01-12-1984,14,
1/13/1984,17,
1/14/1984,19,
1/15/1984,18,
1/16/1984,18,
1/17/1984,11,
1/18/1984,12,
1/19/1984,12,
1/20/1984,15,
1/21/1984,13,
1/22/1984,13,
1/23/1984,11,
1/24/1984,14,
1/25/1984,19,
1/26/1984,14,
1/27/1984,11,
1/28/1984,11,
1/29/1984,15,
1/30/1984,13,
1/31/1984,12,
02-01-1984,15,
02-02-1984,11,
02-03-1984,13,
02-04-1984,16,
02-05-1984,14,
02-06-1984,16,
02-07-1984,18,
02-08-1984,15,
02-09-1984,16,
02-10-1984,16,
02-11-1984,16,
02-12-1984,17,
2/13/1984,14,
2/14/1984,14,
2/15/1984,15,
2/16/1984,16,
2/17/1984,17,
2/18/1984,14,
2/19/1984,16,
2/20/1984,19,
2/21/1984,19,
2/22/1984,15,
2/23/1984,17,
2/24/1984,14,
2/25/1984,14,
2/26/1984,12,
2/27/1984,15,
2/28/1984,11,
2/29/1984,14,
03-01-1984,13,
03-02-1984,9,
03-03-1984,11,
03-04-1984,12,
03-05-1984,15,
03-06-1984,20,
03-07-1984,14,
03-08-1984,14,
03-09-1984,11,
03-10-1984,14,
03-11-1984,11,
03-12-1984,16,
3/13/1984,11,
3/14/1984,12,
3/15/1984,14,
3/16/1984,11,
3/17/1984,14,
3/18/1984,14,
3/19/1984,15,
3/20/1984,14,
3/21/1984,12,
3/22/1984,14,
3/23/1984,17,
3/24/1984,18,
3/25/1984,9,
3/26/1984,10,
3/27/1984,7,
3/28/1984,9,
3/29/1984,14,
3/30/1984,15,
3/31/1984,11,
04-01-1984,10,
04-02-1984,10,
04-03-1984,9,
04-04-1984,8,
04-05-1984,10,
04-06-1984,12,
04-07-1984,13,
04-08-1984,9,
04-09-1984,10,
04-10-1984,10,
04-11-1984,11,
04-12-1984,12,
4/13/1984,11,
4/14/1984,11,
4/15/1984,13,
4/16/1984,10,
4/17/1984,14,
4/18/1984,11,
4/19/1984,13,
4/20/1984,13,
4/21/1984,10,
4/22/1984,13,
4/23/1984,9,
4/24/1984,11,
4/25/1984,10,
4/26/1984,9,
4/27/1984,12,
4/28/1984,13,
4/29/1984,7,
4/30/1984,10,
05-01-1984,14,
05-02-1984,15,
05-03-1984,9,
05-04-1984,5,
05-05-1984,3,
05-06-1984,4,
05-07-1984,6,
05-08-1984,6,
05-09-1984,7,
05-10-1984,10,
05-11-1984,10,
05-12-1984,5,
5/13/1984,6,
5/14/1984,5,
5/15/1984,6,
5/16/1984,7,
5/17/1984,8,
5/18/1984,9,
5/19/1984,9,
5/20/1984,10,
5/21/1984,12,
5/22/1984,10,
5/23/1984,9,
5/24/1984,9,
5/25/1984,8,
5/26/1984,10,
5/27/1984,6,
5/28/1984,7,
5/29/1984,11,
5/30/1984,10,
5/31/1984,9,
06-01-1984,9,
06-02-1984,11,
06-03-1984,12,
06-04-1984,7,
06-05-1984,7,
06-06-1984,11,
06-07-1984,9,
06-08-1984,10,
06-09-1984,4,
06-10-1984,5,
06-11-1984,8,
06-12-1984,3,
6/13/1984,4,
6/14/1984,8,
6/15/1984,11,
6/16/1984,5,
6/17/1984,5,
6/18/1984,10,
6/19/1984,6,
6/20/1984,2,
6/21/1984,7,
6/22/1984,8,
6/23/1984,9,
6/24/1984,10,
6/25/1984,8,
6/26/1984,7,
6/27/1984,8,
6/28/1984,8,
6/29/1984,9,
6/30/1984,9,
07-01-1984,8,
07-02-1984,3,
07-03-1984,2,
07-04-1984,4,
07-05-1984,1,
07-06-1984,2,
07-07-1984,7,
07-08-1984,7,
07-09-1984,9,
07-10-1984,9,
07-11-1984,9,
07-12-1984,8,
7/13/1984,1,
7/14/1984,#VALUE!,
7/15/1984,1,
7/16/1984,8,
7/17/1984,7,
7/18/1984,8,
7/19/1984,5,
7/20/1984,5,
7/21/1984,6,
7/22/1984,7,
7/23/1984,8,
7/24/1984,8,
7/25/1984,5,
7/26/1984,5,
7/27/1984,6,
7/28/1984,10,
7/29/1984,7,
7/30/1984,10,
7/31/1984,11,
08-01-1984,12,
08-02-1984,10,
08-03-1984,11,
08-04-1984,11,
08-05-1984,9,
08-06-1984,10,
08-07-1984,12,
08-08-1984,12,
08-09-1984,9,
08-10-1984,6,
08-11-1984,9,
08-12-1984,9,
8/13/1984,9,
8/14/1984,8,
8/15/1984,6,
8/16/1984,8,
8/17/1984,9,
8/18/1984,8,
8/19/1984,8,
8/20/1984,9,
8/21/1984,8,
8/22/1984,7,
8/23/1984,9,
8/24/1984,7,
8/25/1984,9,
8/26/1984,7,
8/27/1984,6,
8/28/1984,8,
8/29/1984,5,
8/30/1984,9,
8/31/1984,11,
09-01-1984,9,
09-02-1984,11,
09-03-1984,7,
09-04-1984,8,
09-05-1984,5,
09-06-1984,9,
09-07-1984,10,
09-08-1984,9,
09-09-1984,11,
09-10-1984,10,
09-11-1984,5,
09-12-1984,8,
9/13/1984,6,
9/14/1984,6,
9/15/1984,11,
9/16/1984,12,
9/17/1984,9,
9/18/1984,9,
9/19/1984,11,
9/20/1984,9,
9/21/1984,6,
9/22/1984,7,
9/23/1984,9,
9/24/1984,6,
9/25/1984,8,
9/26/1984,11,
9/27/1984,6,
9/28/1984,6,
9/29/1984,7,
9/30/1984,4,
10-01-1984,11,
10-02-1984,16,
10-03-1984,11,
10-04-1984,10,
10-05-1984,8,
10-06-1984,8,
10-07-1984,16,
10-08-1984,15,
10-09-1984,13,
10-10-1984,8,
10-11-1984,12,
10-12-1984,17,
10/13/1984,9,
10/14/1984,9,
10/15/1984,6,
10/16/1984,5,
10/17/1984,7,
10/18/1984,9,
10/19/1984,10,
10/20/1984,10,
10/21/1984,7,
10/22/1984,10,
10/23/1984,18,
10/24/1984,11,
10/25/1984,9,
10/26/1984,10,
10/27/1984,14,
10/28/1984,11,
10/29/1984,10,
10/30/1984,9,
10/31/1984,13,
11-01-1984,17,
11-02-1984,12,
11-03-1984,12,
11-04-1984,11,
11-05-1984,9,
11-06-1984,10,
11-07-1984,12,
11-08-1984,16,
11-09-1984,19,
11-10-1984,13,
11-11-1984,12,
11-12-1984,12,
11/13/1984,11,
11/14/1984,12,
11/15/1984,8,
11/16/1984,13,
11/17/1984,13,
11/18/1984,16,
11/19/1984,15,
11/20/1984,14,
11/21/1984,10,
11/22/1984,9,
11/23/1984,12,
11/24/1984,9,
11/25/1984,15,
11/26/1984,24,
11/27/1984,12,
11/28/1984,11,
11/29/1984,12,
11/30/1984,11,
12-01-1984,13,
12-02-1984,11,
12-03-1984,9,
12-04-1984,11,
12-05-1984,13,
12-06-1984,13,
12-07-1984,10,
12-08-1984,12,
12-09-1984,11,
12-10-1984,16,
12-11-1984,12,
12-12-1984,13,
12/13/1984,13,
12/14/1984,13,
12/15/1984,11,
12/16/1984,12,
12/17/1984,17,
12/18/1984,12,
12/19/1984,11,
12/20/1984,10,
12/21/1984,14,
12/22/1984,11,
12/23/1984,14,
12/24/1984,17,
12/25/1984,13,
12/26/1984,12,
12/27/1984,12,
12/28/1984,13,
12/29/1984,16,
12/30/1984,16,
01-01-1985,13,
01-02-1985,15,
01-03-1985,13,
01-04-1985,13,
01-05-1985,15,
01-06-1985,11,
01-07-1985,13,
01-08-1985,12,
01-09-1985,14,
01-10-1985,14,
01-11-1985,15,
01-12-1985,14,
1/13/1985,14,
1/14/1985,20,
1/15/1985,17,
1/16/1985,16,
1/17/1985,12,
1/18/1985,12,
1/19/1985,11,
1/20/1985,14,
1/21/1985,12,
1/22/1985,15,
1/23/1985,16,
1/24/1985,15,
1/25/1985,13,
1/26/1985,13,
1/27/1985,18,
1/28/1985,15,
1/29/1985,14,
1/30/1985,17,
1/31/1985,15,
02-01-1985,15,
02-02-1985,10,
02-03-1985,14,
02-04-1985,19,
02-05-1985,16,
02-06-1985,18,
02-07-1985,15,
02-08-1985,14,
02-09-1985,13,
02-10-1985,15,
02-11-1985,14,
02-12-1985,16,
2/13/1985,16,
2/14/1985,15,
2/15/1985,11,
2/16/1985,15,
2/17/1985,13,
2/18/1985,12,
2/19/1985,11,
2/20/1985,15,
2/21/1985,17,
2/22/1985,18,
2/23/1985,13,
2/24/1985,10,
2/25/1985,14,
2/26/1985,14,
2/27/1985,10,
2/28/1985,11,
03-01-1985,14,
03-02-1985,16,
03-03-1985,15,
03-04-1985,13,
03-05-1985,11,
03-06-1985,13,
03-07-1985,10,
03-08-1985,13,
03-09-1985,15,
03-10-1985,17,
03-11-1985,21,
03-12-1985,22,
3/13/1985,17,
3/14/1985,22,
3/15/1985,21,
3/16/1985,19,
3/17/1985,16,
3/18/1985,17,
3/19/1985,17,
3/20/1985,18,
3/21/1985,17,
3/22/1985,18,
3/23/1985,19,
3/24/1985,17,
3/25/1985,13,
3/26/1985,12,
3/27/1985,11,
3/28/1985,14,
3/29/1985,17,
3/30/1985,14,
3/31/1985,14,
04-01-1985,16,
04-02-1985,12,
04-03-1985,16,
04-04-1985,18,
04-05-1985,18,
04-06-1985,16,
04-07-1985,16,
04-08-1985,16,
04-09-1985,16,
04-10-1985,16,
04-11-1985,16,
04-12-1985,20,
4/13/1985,18,
4/14/1985,22,
4/15/1985,15,
4/16/1985,11,
4/17/1985,8,
4/18/1985,10,
4/19/1985,9,
4/20/1985,11,
4/21/1985,6,
4/22/1985,9,
4/23/1985,7,
4/24/1985,9,
4/25/1985,8,
4/26/1985,9,
4/27/1985,10,
4/28/1985,11,
4/29/1985,12,
4/30/1985,10,
05-01-1985,9,
05-02-1985,10,
05-03-1985,8,
05-04-1985,11,
05-05-1985,14,
05-06-1985,15,
05-07-1985,9,
05-08-1985,10,
05-09-1985,11,
05-10-1985,12,
05-11-1985,13,
05-12-1985,11,
5/13/1985,7,
5/14/1985,10,
5/15/1985,11,
5/16/1985,8,
5/17/1985,5,
5/18/1985,8,
5/19/1985,7,
5/20/1985,8,
5/21/1985,9,
5/22/1985,6,
5/23/1985,10,
5/24/1985,7,
5/25/1985,5,
5/26/1985,6,
5/27/1985,8,
5/28/1985,11,
5/29/1985,13,
5/30/1985,12,
5/31/1985,10,
06-01-1985,4,
06-02-1985,6,
06-03-1985,4,
06-04-1985,6,
06-05-1985,6,
06-06-1985,8,
06-07-1985,8,
06-08-1985,4,
06-09-1985,7,
06-10-1985,10,
06-11-1985,9,
06-12-1985,7,
6/13/1985,8,
6/14/1985,10,
6/15/1985,7,
6/16/1985,8,
6/17/1985,9,
6/18/1985,7,
6/19/1985,7,
6/20/1985,8,
6/21/1985,7,
6/22/1985,6,
6/23/1985,1,
6/24/1985,2,
6/25/1985,7,
6/26/1985,8,
6/27/1985,8,
6/28/1985,10,
6/29/1985,11,
6/30/1985,10,
07-01-1985,12,
07-02-1985,11,
07-03-1985,11,
07-04-1985,7,
07-05-1985,4,
07-06-1985,5,
07-07-1985,6,
07-08-1985,8,
07-09-1985,8,
07-10-1985,5,
07-11-1985,6,
07-12-1985,8,
7/13/1985,6,
7/14/1985,7,
7/15/1985,8,
7/16/1985,6,
7/17/1985,8,
7/18/1985,5,
7/19/1985,3,
7/20/1985,3,
7/21/1985,7,
7/22/1985,8,
7/23/1985,0,
7/24/1985,0,
7/25/1985,2,
7/26/1985,9,
7/27/1985,1,
7/28/1985,4,
7/29/1985,10,
7/30/1985,7,
7/31/1985,6,
08-01-1985,7,
08-02-1985,5,
08-03-1985,6,
08-04-1985,7,
08-05-1985,11,
08-06-1985,10,
08-07-1985,10,
08-08-1985,9,
08-09-1985,7,
08-10-1985,8,
08-11-1985,4,
08-12-1985,6,
8/13/1985,7,
8/14/1985,8,
8/15/1985,11,
8/16/1985,8,
8/17/1985,9,
8/18/1985,9,
8/19/1985,8,
8/20/1985,4,
8/21/1985,4,
8/22/1985,6,
8/23/1985,11,
8/24/1985,7,
8/25/1985,10,
8/26/1985,10,
8/27/1985,7,
8/28/1985,11,
8/29/1985,4,
8/30/1985,5,
8/31/1985,8,
09-01-1985,10,
09-02-1985,8,
09-03-1985,9,
09-04-1985,8,
09-05-1985,8,
09-06-1985,10,
09-07-1985,7,
09-08-1985,5,
09-09-1985,10,
09-10-1985,13,
09-11-1985,11,
09-12-1985,12,
9/13/1985,12,
9/14/1985,11,
9/15/1985,8,
9/16/1985,8,
9/17/1985,5,
9/18/1985,7,
9/19/1985,10,
9/20/1985,8,
9/21/1985,9,
9/22/1985,9,
9/23/1985,7,
9/24/1985,12,
9/25/1985,13,
9/26/1985,7,
9/27/1985,7,
9/28/1985,8,
9/29/1985,9,
9/30/1985,7,
10-01-1985,11,
10-02-1985,9,
10-03-1985,7,
10-04-1985,11,
10-05-1985,16,
10-06-1985,6,
10-07-1985,10,
10-08-1985,11,
10-09-1985,14,
10-10-1985,11,
10-11-1985,15,
10-12-1985,12,
10/13/1985,7,
10/14/1985,8,
10/15/1985,10,
10/16/1985,16,
10/17/1985,15,
10/18/1985,13,
10/19/1985,6,
10/20/1985,7,
10/21/1985,8,
10/22/1985,10,
10/23/1985,13,
10/24/1985,10,
10/25/1985,10,
10/26/1985,7,
10/27/1985,9,
10/28/1985,12,
10/29/1985,15,
10/30/1985,11,
10/31/1985,7,
11-01-1985,7,
11-02-1985,11,
11-03-1985,9,
11-04-1985,13,
11-05-1985,16,
11-06-1985,17,
11-07-1985,15,
11-08-1985,13,
11-09-1985,15,
11-10-1985,13,
11-11-1985,14,
11-12-1985,14,
11/13/1985,16,
11/14/1985,21,
11/15/1985,10,
11/16/1985,10,
11/17/1985,12,
11/18/1985,12,
11/19/1985,11,
11/20/1985,13,
11/21/1985,11,
11/22/1985,10,
11/23/1985,9,
11/24/1985,14,
11/25/1985,16,
11/26/1985,16,
11/27/1985,14,
11/28/1985,14,
11/29/1985,13,
11/30/1985,13,
12-01-1985,12,
12-02-1985,15,
12-03-1985,15,
12-04-1985,16,
12-05-1985,16,
12-06-1985,15,
12-07-1985,18,
12-08-1985,16,
12-09-1985,17,
12-10-1985,15,
12-11-1985,16,
12-12-1985,14,
12/13/1985,14,
12/14/1985,14,
12/15/1985,14,
12/16/1985,14,
12/17/1985,12,
12/18/1985,13,
12/19/1985,13,
12/20/1985,14,
12/21/1985,15,
12/22/1985,14,
12/23/1985,12,
12/24/1985,13,
12/25/1985,13,
12/26/1985,13,
12/27/1985,12,
12/28/1985,11,
12/29/1985,12,
12/30/1985,16,
12/31/1985,14,
01-01-1986,13,
01-02-1986,14,
01-03-1986,11,
01-04-1986,13,
01-05-1986,14,
01-06-1986,13,
01-07-1986,13,
01-08-1986,15,
01-09-1986,12,
01-10-1986,14,
01-11-1986,14,
01-12-1986,15,
1/13/1986,13,
1/14/1986,12,
1/15/1986,16,
1/16/1986,15,
1/17/1986,12,
1/18/1986,13,
1/19/1986,13,
1/20/1986,15,
1/21/1986,14,
1/22/1986,15,
1/23/1986,14,
1/24/1986,12,
1/25/1986,15,
1/26/1986,14,
1/27/1986,15,
1/28/1986,14,
1/29/1986,16,
1/30/1986,17,
1/31/1986,15,
02-01-1986,15,
02-02-1986,15,
02-03-1986,11,
02-04-1986,12,
02-05-1986,14,
02-06-1986,14,
02-07-1986,12,
02-08-1986,16,
02-09-1986,16,
02-10-1986,12,
02-11-1986,15,
02-12-1986,11,
2/13/1986,14,
2/14/1986,20,
2/15/1986,21,
2/16/1986,18,
2/17/1986,17,
2/18/1986,13,
2/19/1986,14,
2/20/1986,14,
2/21/1986,15,
2/22/1986,15,
2/23/1986,13,
2/24/1986,11,
2/25/1986,13,
2/26/1986,12,
2/27/1986,13,
2/28/1986,14,
03-01-1986,18,
03-02-1986,14,
03-03-1986,13,
03-04-1986,15,
03-05-1986,16,
03-06-1986,17,
03-07-1986,20,
03-08-1986,13,
03-09-1986,13,
03-10-1986,12,
03-11-1986,13,
03-12-1986,9,
3/13/1986,12,
3/14/1986,16,
3/15/1986,15,
3/16/1986,13,
3/17/1986,12,
3/18/1986,11,
3/19/1986,16,
3/20/1986,17,
3/21/1986,19,
3/22/1986,17,
3/23/1986,17,
3/24/1986,16,
3/25/1986,16,
3/26/1986,13,
3/27/1986,18,
3/28/1986,13,
3/29/1986,12,
3/30/1986,17,
3/31/1986,16,
04-01-1986,10,
04-02-1986,10,
04-03-1986,15,
04-04-1986,18,
04-05-1986,14,
04-06-1986,11,
04-07-1986,12,
04-08-1986,7,
04-09-1986,12,
04-10-1986,7,
04-11-1986,14,
04-12-1986,12,
4/13/1986,9,
4/14/1986,12,
4/15/1986,20,
4/16/1986,13,
4/17/1986,12,
4/18/1986,12,
4/19/1986,12,
4/20/1986,11,
4/21/1986,13,
4/22/1986,14,
4/23/1986,12,
4/24/1986,12,
4/25/1986,12,
4/26/1986,8,
4/27/1986,11,
4/28/1986,9,
4/29/1986,7,
4/30/1986,9,
05-01-1986,11,
05-02-1986,9,
05-03-1986,8,
05-04-1986,10,
05-05-1986,10,
05-06-1986,8,
05-07-1986,10,
05-08-1986,12,
05-09-1986,13,
05-10-1986,12,
05-11-1986,7,
05-12-1986,11,
5/13/1986,11,
5/14/1986,10,
5/15/1986,11,
5/16/1986,12,
5/17/1986,13,
5/18/1986,11,
5/19/1986,12,
5/20/1986,12,
5/21/1986,10,
5/22/1986,10,
5/23/1986,10,
5/24/1986,11,
5/25/1986,9,
5/26/1986,6,
5/27/1986,8,
5/28/1986,11,
5/29/1986,10,
5/30/1986,10,
5/31/1986,11,
06-01-1986,11,
06-02-1986,4,
06-03-1986,5,
06-04-1986,11,
06-05-1986,12,
06-06-1986,11,
06-07-1986,9,
06-08-1986,10,
06-09-1986,10,
06-10-1986,10,
06-11-1986,10,
06-12-1986,10,
6/13/1986,7,
6/14/1986,7,
6/15/1986,7,
6/16/1986,7,
6/17/1986,8,
6/18/1986,8,
6/19/1986,9,
6/20/1986,6,
6/21/1986,6,
6/22/1986,6,
6/23/1986,6,
6/24/1986,7,
6/25/1986,6,
6/26/1986,7,
6/27/1986,8,
6/28/1986,8,
6/29/1986,4,
6/30/1986,1,
07-01-1986,3,
07-02-1986,8,
07-03-1986,10,
07-04-1986,11,
07-05-1986,9,
07-06-1986,5,
07-07-1986,7,
07-08-1986,6,
07-09-1986,5,
07-10-1986,6,
07-11-1986,7,
07-12-1986,5,
7/13/1986,4,
7/14/1986,4,
7/15/1986,8,
7/16/1986,11,
7/17/1986,5,
7/18/1986,8,
7/19/1986,9,
7/20/1986,10,
7/21/1986,9,
7/22/1986,7,
7/23/1986,9,
7/24/1986,11,
7/25/1986,3,
7/26/1986,2,
7/27/1986,5,
7/28/1986,6,
7/29/1986,8,
7/30/1986,7,
7/31/1986,9,
08-01-1986,9,
08-02-1986,10,
08-03-1986,9,
08-04-1986,10,
08-05-1986,8,
08-06-1986,9,
08-07-1986,9,
08-08-1986,4,
08-09-1986,4,
08-10-1986,3,
08-11-1986,2,
08-12-1986,3,
8/13/1986,3,
8/14/1986,5,
8/15/1986,8,
8/16/1986,9,
8/17/1986,9,
8/18/1986,7,
8/19/1986,8,
8/20/1986,9,
8/21/1986,7,
8/22/1986,10,
8/23/1986,12,
8/24/1986,10,
8/25/1986,6,
8/26/1986,7,
8/27/1986,8,
8/28/1986,10,
8/29/1986,12,
8/30/1986,6,
8/31/1986,5,
09-01-1986,8,
09-02-1986,11,
09-03-1986,9,
09-04-1986,11,
09-05-1986,11,
09-06-1986,9,
09-07-1986,6,
09-08-1986,9,
09-09-1986,6,
09-10-1986,9,
09-11-1986,10,
09-12-1986,6,
9/13/1986,10,
9/14/1986,11,
9/15/1986,6,
9/16/1986,8,
9/17/1986,11,
9/18/1986,11,
9/19/1986,7,
9/20/1986,7,
9/21/1986,11,
9/22/1986,7,
9/23/1986,11,
9/24/1986,9,
9/25/1986,11,
9/26/1986,13,
9/27/1986,10,
9/28/1986,7,
9/29/1986,6,
9/30/1986,8,
10-01-1986,11,
10-02-1986,16,
10-03-1986,10,
10-04-1986,9,
10-05-1986,11,
10-06-1986,12,
10-07-1986,11,
10-08-1986,8,
10-09-1986,6,
10-10-1986,9,
10-11-1986,6,
10-12-1986,7,
10/13/1986,13,
10/14/1986,12,
10/15/1986,7,
10/16/1986,10,
10/17/1986,8,
10/18/1986,15,
10/19/1986,10,
10/20/1986,8,
10/21/1986,7,
10/22/1986,13,
10/23/1986,5,
10/24/1986,8,
10/25/1986,9,
10/26/1986,8,
10/27/1986,9,
10/28/1986,7,
10/29/1986,11,
10/30/1986,13,
10/31/1986,14,
11-01-1986,11,
11-02-1986,10,
11-03-1986,9,
11-04-1986,16,
11-05-1986,21,
11-06-1986,16,
11-07-1986,9,
11-08-1986,9,
11-09-1986,13,
11-10-1986,10,
11-11-1986,13,
11-12-1986,10,
11/13/1986,12,
11/14/1986,11,
11/15/1986,15,
11/16/1986,15,
11/17/1986,15,
11/18/1986,10,
11/19/1986,11,
11/20/1986,11,
11/21/1986,9,
11/22/1986,8,
11/23/1986,12,
11/24/1986,13,
11/25/1986,9,
11/26/1986,15,
11/27/1986,12,
11/28/1986,11,
11/29/1986,13,
11/30/1986,8,
12-01-1986,11,
12-02-1986,15,
12-03-1986,19,
12-04-1986,15,
12-05-1986,13,
12-06-1986,16,
12-07-1986,20,
12-08-1986,12,
12-09-1986,12,
12-10-1986,11,
12-11-1986,13,
12-12-1986,12,
12/13/1986,12,
12/14/1986,10,
12/15/1986,9,
12/16/1986,15,
12/17/1986,12,
12/18/1986,10,
12/19/1986,11,
12/20/1986,10,
12/21/1986,13,
12/22/1986,12,
12/23/1986,10,
12/24/1986,13,
12/25/1986,11,
12/26/1986,15,
12/27/1986,15,
12/28/1986,14,
12/29/1986,13,
12/30/1986,12,
12/31/1986,17,
01-01-1987,12,
01-02-1987,14,
01-03-1987,15,
01-04-1987,16,
01-05-1987,16,
01-06-1987,16,
01-07-1987,17,
01-08-1987,11,
01-09-1987,9,
01-10-1987,13,
01-11-1987,13,
01-12-1987,12,
1/13/1987,13,
1/14/1987,17,
1/15/1987,12,
1/16/1987,12,
1/17/1987,15,
1/18/1987,12,
1/19/1987,12,
1/20/1987,12,
1/21/1987,14,
1/22/1987,11,
1/23/1987,12,
1/24/1987,12,
1/25/1987,14,
1/26/1987,16,
1/27/1987,13,
1/28/1987,12,
1/29/1987,11,
1/30/1987,13,
1/31/1987,15,
02-01-1987,17,
02-02-1987,13,
02-03-1987,13,
02-04-1987,13,
02-05-1987,12,
02-06-1987,13,
02-07-1987,15,
02-08-1987,16,
02-09-1987,12,
02-10-1987,15,
02-11-1987,11,
02-12-1987,14,
2/13/1987,12,
2/14/1987,16,
2/15/1987,17,
2/16/1987,17,
2/17/1987,16,
2/18/1987,15,
2/19/1987,18,
2/20/1987,21,
2/21/1987,13,
2/22/1987,11,
2/23/1987,10,
2/24/1987,12,
2/25/1987,10,
2/26/1987,12,
2/27/1987,13,
2/28/1987,15,
03-01-1987,14,
03-02-1987,12,
03-03-1987,13,
03-04-1987,13,
03-05-1987,14,
03-06-1987,18,
03-07-1987,10,
03-08-1987,10,
03-09-1987,10,
03-10-1987,11,
03-11-1987,10,
03-12-1987,12,
3/13/1987,12,
3/14/1987,11,
3/15/1987,11,
3/16/1987,13,
3/17/1987,19,
3/18/1987,19,
3/19/1987,15,
3/20/1987,13,
3/21/1987,11,
3/22/1987,13,
3/23/1987,13,
3/24/1987,11,
3/25/1987,10,
3/26/1987,13,
3/27/1987,12,
3/28/1987,16,
3/29/1987,10,
3/30/1987,11,
3/31/1987,12,
04-01-1987,13,
04-02-1987,12,
04-03-1987,13,
04-04-1987,14,
04-05-1987,15,
04-06-1987,20,
04-07-1987,16,
04-08-1987,14,
04-09-1987,10,
04-10-1987,7,
04-11-1987,14,
04-12-1987,18,
4/13/1987,16,
4/14/1987,11,
4/15/1987,10,
4/16/1987,8,
4/17/1987,10,
4/18/1987,10,
4/19/1987,14,
4/20/1987,7,
4/21/1987,8,
4/22/1987,8,
4/23/1987,11,
4/24/1987,9,
4/25/1987,9,
4/26/1987,12,
4/27/1987,17,
4/28/1987,17,
4/29/1987,14,
4/30/1987,12,
05-01-1987,7,
05-02-1987,10,
05-03-1987,10,
05-04-1987,11,
05-05-1987,11,
05-06-1987,12,
05-07-1987,10,
05-08-1987,7,
05-09-1987,10,
05-10-1987,10,
05-11-1987,11,
05-12-1987,13,
5/13/1987,17,
5/14/1987,12,
5/15/1987,12,
5/16/1987,12,
5/17/1987,12,
5/18/1987,11,
5/19/1987,10,
5/20/1987,10,
5/21/1987,8,
5/22/1987,7,
5/23/1987,10,
5/24/1987,12,
5/25/1987,8,
5/26/1987,9,
5/27/1987,5,
5/28/1987,4,
5/29/1987,6,
5/30/1987,11,
5/31/1987,8,
06-01-1987,9,
06-02-1987,10,
06-03-1987,10,
06-04-1987,11,
06-05-1987,10,
06-06-1987,7,
06-07-1987,6,
06-08-1987,6,
06-09-1987,9,
06-10-1987,13,
06-11-1987,13,
06-12-1987,5,
6/13/1987,6,
6/14/1987,8,
6/15/1987,9,
6/16/1987,4,
6/17/1987,3,
6/18/1987,5,
6/19/1987,6,
6/20/1987,12,
6/21/1987,12,
6/22/1987,9,
6/23/1987,10,
6/24/1987,9,
6/25/1987,7,
6/26/1987,9,
6/27/1987,9,
6/28/1987,7,
6/29/1987,8,
6/30/1987,8,
07-01-1987,8,
07-02-1987,3,
07-03-1987,4,
07-04-1987,4,
07-05-1987,5,
07-06-1987,6,
07-07-1987,4,
07-08-1987,4,
07-09-1987,6,
07-10-1987,9,
07-11-1987,8,
07-12-1987,5,
7/13/1987,3,
7/14/1987,5,
7/15/1987,9,
7/16/1987,5,
7/17/1987,7,
7/18/1987,9,
7/19/1987,9,
7/20/1987,6,
7/21/1987,7,
7/22/1987,6,
7/23/1987,7,
7/24/1987,2,
7/25/1987,3,
7/26/1987,5,
7/27/1987,6,
7/28/1987,6,
7/29/1987,7,
7/30/1987,9,
7/31/1987,9,
08-01-1987,9,
08-02-1987,10,
08-03-1987,8,
08-04-1987,8,
08-05-1987,8,
08-06-1987,9,
08-07-1987,5,
08-08-1987,9,
08-09-1987,9,
08-10-1987,5,
08-11-1987,7,
08-12-1987,8,
8/13/1987,7,
8/14/1987,9,
8/15/1987,12,
8/16/1987,10,
8/17/1987,6,
8/18/1987,4,
8/19/1987,4,
8/20/1987,8,
8/21/1987,5,
8/22/1987,9,
8/23/1987,9,
8/24/1987,10,
8/25/1987,11,
8/26/1987,9,
8/27/1987,10,
8/28/1987,11,
8/29/1987,10,
8/30/1987,5,
8/31/1987,6,
09-01-1987,5,
09-02-1987,6,
09-03-1987,7,
09-04-1987,6,
09-05-1987,5,
09-06-1987,8,
09-07-1987,8,
09-08-1987,10,
09-09-1987,10,
09-10-1987,7,
09-11-1987,9,
09-12-1987,10,
9/13/1987,7,
9/14/1987,9,
9/15/1987,10,
9/16/1987,11,
9/17/1987,8,
9/18/1987,9,
9/19/1987,15,
9/20/1987,8,
9/21/1987,5,
9/22/1987,10,
9/23/1987,8,
9/24/1987,14,
9/25/1987,15,
9/26/1987,15,
9/27/1987,19,
9/28/1987,17,
9/29/1987,13,
9/30/1987,11,
10-01-1987,10,
10-02-1987,10,
10-03-1987,9,
10-04-1987,11,
10-05-1987,7,
10-06-1987,12,
10-07-1987,8,
10-08-1987,9,
10-09-1987,9,
10-10-1987,10,
10-11-1987,7,
10-12-1987,5,
10/13/1987,10,
10/14/1987,8,
10/15/1987,15,
10/16/1987,13,
10/17/1987,10,
10/18/1987,10,
10/19/1987,11,
10/20/1987,10,
10/21/1987,11,
10/22/1987,9,
10/23/1987,11,
10/24/1987,11,
10/25/1987,14,
10/26/1987,10,
10/27/1987,13,
10/28/1987,10,
10/29/1987,11,
10/30/1987,10,
10/31/1987,14,
11-01-1987,19,
11-02-1987,23,
11-03-1987,15,
11-04-1987,10,
11-05-1987,11,
11-06-1987,12,
11-07-1987,11,
11-08-1987,13,
11-09-1987,15,
11-10-1987,11,
11-11-1987,10,
11-12-1987,11,
11/13/1987,13,
11/14/1987,12,
11/15/1987,10,
11/16/1987,14,
11/17/1987,15,
11/18/1987,18,
11/19/1987,24,
11/20/1987,14,
11/21/1987,11,
11/22/1987,9,
11/23/1987,13,
11/24/1987,12,
11/25/1987,10,
11/26/1987,11,
11/27/1987,12,
11/28/1987,10,
11/29/1987,14,
11/30/1987,14,
12-01-1987,12,
12-02-1987,11,
12-03-1987,8,
12-04-1987,9,
12-05-1987,13,
12-06-1987,12,
12-07-1987,11,
12-08-1987,11,
12-09-1987,13,
12-10-1987,15,
12-11-1987,15,
12-12-1987,14,
12/13/1987,15,
12/14/1987,16,
12/15/1987,18,
12/16/1987,21,
12/17/1987,15,
12/18/1987,13,
12/19/1987,11,
12/20/1987,13,
12/21/1987,13,
12/22/1987,11,
12/23/1987,11,
12/24/1987,11,
12/25/1987,12,
12/26/1987,13,
12/27/1987,16,
12/28/1987,14,
12/29/1987,14,
12/30/1987,13,
12/31/1987,17,
01-01-1988,15,
01-02-1988,14,
01-03-1988,14,
01-04-1988,15,
01-05-1988,14,
01-06-1988,15,
01-07-1988,17,
01-08-1988,19,
01-09-1988,17,
01-10-1988,17,
01-11-1988,18,
01-12-1988,18,
1/13/1988,22,
1/14/1988,21,
1/15/1988,21,
1/16/1988,18,
1/17/1988,16,
1/18/1988,17,
1/19/1988,16,
1/20/1988,16,
1/21/1988,15,
1/22/1988,14,
1/23/1988,16,
1/24/1988,12,
1/25/1988,12,
1/26/1988,13,
1/27/1988,15,
1/28/1988,17,
1/29/1988,21,
1/30/1988,23,
1/31/1988,14,
02-01-1988,14,
02-02-1988,15,
02-03-1988,15,
02-04-1988,15,
02-05-1988,14,
02-06-1988,13,
02-07-1988,9,
02-08-1988,13,
02-09-1988,15,
02-10-1988,12,
02-11-1988,15,
02-12-1988,16,
2/13/1988,17,
2/14/1988,15,
2/15/1988,13,
2/16/1988,12,
2/17/1988,14,
2/18/1988,16,
2/19/1988,14,
2/20/1988,14,
2/21/1988,15,
2/22/1988,15,
2/23/1988,16,
2/24/1988,16,
2/25/1988,13,
2/26/1988,15,
2/27/1988,18,
2/28/1988,16,
2/29/1988,16,
03-01-1988,12,
03-02-1988,16,
03-03-1988,15,
03-04-1988,15,
03-05-1988,13,
03-06-1988,14,
03-07-1988,17,
03-08-1988,17,
03-09-1988,16,
03-10-1988,15,
03-11-1988,10,
03-12-1988,13,
3/13/1988,12,
3/14/1988,12,
3/15/1988,13,
3/16/1988,15,
3/17/1988,16,
3/18/1988,15,
3/19/1988,14,
3/20/1988,14,
3/21/1988,15,
3/22/1988,16,
3/23/1988,14,
3/24/1988,14,
3/25/1988,16,
3/26/1988,17,
3/27/1988,16,
3/28/1988,16,
3/29/1988,18,
3/30/1988,18,
3/31/1988,16,
04-01-1988,17,
04-02-1988,15,
04-03-1988,16,
04-04-1988,14,
04-05-1988,16,
04-06-1988,12,
04-07-1988,15,
04-08-1988,9,
04-09-1988,7,
04-10-1988,8,
04-11-1988,11,
04-12-1988,16,
4/13/1988,15,
4/14/1988,16,
4/15/1988,11,
4/16/1988,8,
4/17/1988,9,
4/18/1988,13,
4/19/1988,11,
4/20/1988,12,
4/21/1988,11,
4/22/1988,13,
4/23/1988,12,
4/24/1988,13,
4/25/1988,16,
4/26/1988,12,
4/27/1988,14,
4/28/1988,18,
4/29/1988,14,
4/30/1988,14,
05-01-1988,15,
05-02-1988,15,
05-03-1988,15,
05-04-1988,16,
05-05-1988,16,
05-06-1988,15,
05-07-1988,13,
05-08-1988,14,
05-09-1988,11,
05-10-1988,11,
05-11-1988,12,
05-12-1988,7,
5/13/1988,11,
5/14/1988,13,
5/15/1988,14,
5/16/1988,12,
5/17/1988,13,
5/18/1988,12,
5/19/1988,10,
5/20/1988,10,
5/21/1988,8,
5/22/1988,9,
5/23/1988,10,
5/24/1988,8,
5/25/1988,9,
5/26/1988,13,
5/27/1988,11,
5/28/1988,9,
5/29/1988,9,
5/30/1988,6,
5/31/1988,8,
06-01-1988,10,
06-02-1988,11,
06-03-1988,11,
06-04-1988,13,
06-05-1988,10,
06-06-1988,11,
06-07-1988,9,
06-08-1988,10,
06-09-1988,10,
06-10-1988,8,
06-11-1988,5,
06-12-1988,7,
6/13/1988,12,
6/14/1988,9,
6/15/1988,6,
6/16/1988,3,
6/17/1988,4,
6/18/1988,7,
6/19/1988,7,
6/20/1988,7,
6/21/1988,7,
6/22/1988,8,
6/23/1988,11,
6/24/1988,8,
6/25/1988,7,
6/26/1988,8,
6/27/1988,10,
6/28/1988,7,
6/29/1988,9,
6/30/1988,9,
07-01-1988,6,
07-02-1988,6,
07-03-1988,5,
07-04-1988,5,
07-05-1988,8,
07-06-1988,12,
07-07-1988,13,
07-08-1988,11,
07-09-1988,7,
07-10-1988,8,
07-11-1988,12,
07-12-1988,7,
7/13/1988,8,
7/14/1988,10,
7/15/1988,5,
7/16/1988,6,
7/17/1988,8,
7/18/1988,8,
7/19/1988,9,
7/20/1988,10,
7/21/1988,6,
7/22/1988,7,
7/23/1988,9,
7/24/1988,9,
7/25/1988,8,
7/26/1988,9,
7/27/1988,10,
7/28/1988,10,
7/29/1988,7,
7/30/1988,8,
7/31/1988,9,
08-01-1988,10,
08-02-1988,8,
08-03-1988,9,
08-04-1988,10,
08-05-1988,5,
08-06-1988,7,
08-07-1988,7,
08-08-1988,7,
08-09-1988,9,
08-10-1988,9,
08-11-1988,4,
08-12-1988,5,
8/13/1988,8,
8/14/1988,12,
8/15/1988,12,
8/16/1988,12,
8/17/1988,10,
8/18/1988,10,
8/19/1988,10,
8/20/1988,12,
8/21/1988,8,
8/22/1988,9,
8/23/1988,8,
8/24/1988,6,
8/25/1988,9,
8/26/1988,11,
8/27/1988,7,
8/28/1988,9,
8/29/1988,10,
8/30/1988,9,
8/31/1988,12,
09-01-1988,15,
09-02-1988,10,
09-03-1988,11,
09-04-1988,6,
09-05-1988,9,
09-06-1988,9,
09-07-1988,5,
09-08-1988,13,
09-09-1988,15,
09-10-1988,13,
09-11-1988,12,
09-12-1988,7,
9/13/1988,5,
9/14/1988,5,
9/15/1988,7,
9/16/1988,11,
9/17/1988,10,
9/18/1988,10,
9/19/1988,10,
9/20/1988,6,
9/21/1988,14,
9/22/1988,17,
9/23/1988,8,
9/24/1988,8,
9/25/1988,11,
9/26/1988,11,
9/27/1988,9,
9/28/1988,11,
9/29/1988,9,
9/30/1988,12,
10-01-1988,9,
10-02-1988,14,
10-03-1988,15,
10-04-1988,11,
10-05-1988,9,
10-06-1988,6,
10-07-1988,13,
10-08-1988,11,
10-09-1988,9,
10-10-1988,12,
10-11-1988,13,
10-12-1988,6,
10/13/1988,14,
10/14/1988,9,
10/15/1988,11,
10/16/1988,9,
10/17/1988,12,
10/18/1988,13,
10/19/1988,8,
10/20/1988,16,
10/21/1988,10,
10/22/1988,11,
10/23/1988,10,
10/24/1988,6,
10/25/1988,14,
10/26/1988,11,
10/27/1988,7,
10/28/1988,13,
10/29/1988,12,
10/30/1988,14,
10/31/1988,12,
11-01-1988,13,
11-02-1988,16,
11-03-1988,14,
11-04-1988,10,
11-05-1988,7,
11-06-1988,12,
11-07-1988,17,
11-08-1988,13,
11-09-1988,9,
11-10-1988,12,
11-11-1988,10,
11-12-1988,17,
11/13/1988,18,
11/14/1988,8,
11/15/1988,9,
11/16/1988,11,
11/17/1988,12,
11/18/1988,11,
11/19/1988,16,
11/20/1988,13,
11/21/1988,13,
11/22/1988,13,
11/23/1988,14,
11/24/1988,14,
11/25/1988,12,
11/26/1988,12,
11/27/1988,12,
11/28/1988,11,
11/29/1988,10,
11/30/1988,12,
12-01-1988,12,
12-02-1988,17,
12-03-1988,17,
12-04-1988,16,
12-05-1988,13,
12-06-1988,13,
12-07-1988,12,
12-08-1988,16,
12-09-1988,20,
12-10-1988,14,
12-11-1988,11,
12-12-1988,14,
12/13/1988,16,
12/14/1988,20,
12/15/1988,21,
12/16/1988,24,
12/17/1988,17,
12/18/1988,18,
12/19/1988,15,
12/20/1988,14,
12/21/1988,12,
12/22/1988,15,
12/23/1988,17,
12/24/1988,20,
12/25/1988,16,
12/26/1988,10,
12/27/1988,13,
12/28/1988,13,
12/29/1988,15,
12/30/1988,14,
01-01-1989,14,
01-02-1989,17,
01-03-1989,19,
01-04-1989,17,
01-05-1989,12,
01-06-1989,10,
01-07-1989,12,
01-08-1989,16,
01-09-1989,16,
01-10-1989,14,
01-11-1989,13,
01-12-1989,14,
1/13/1989,12,
1/14/1989,13,
1/15/1989,17,
1/16/1989,19,
1/17/1989,17,
1/18/1989,14,
1/19/1989,13,
1/20/1989,16,
1/21/1989,15,
1/22/1989,15,
1/23/1989,13,
1/24/1989,13,
1/25/1989,15,
1/26/1989,16,
1/27/1989,17,
1/28/1989,20,
1/29/1989,21,
1/30/1989,17,
1/31/1989,17,
02-01-1989,16,
02-02-1989,14,
02-03-1989,16,
02-04-1989,16,
02-05-1989,14,
02-06-1989,13,
02-07-1989,17,
02-08-1989,19,
02-09-1989,17,
02-10-1989,15,
02-11-1989,16,
02-12-1989,15,
2/13/1989,18,
2/14/1989,18,
2/15/1989,19,
2/16/1989,19,
2/17/1989,20,
2/18/1989,21,
2/19/1989,16,
2/20/1989,15,
2/21/1989,16,
2/22/1989,14,
2/23/1989,13,
2/24/1989,16,
2/25/1989,18,
2/26/1989,13,
2/27/1989,16,
2/28/1989,19,
03-01-1989,20,
03-02-1989,22,
03-03-1989,20,
03-04-1989,20,
03-05-1989,20,
03-06-1989,18,
03-07-1989,19,
03-08-1989,20,
03-09-1989,21,
03-10-1989,18,
03-11-1989,18,
03-12-1989,18,
3/13/1989,13,
3/14/1989,15,
3/15/1989,15,
3/16/1989,15,
3/17/1989,12,
3/18/1989,13,
3/19/1989,15,
3/20/1989,17,
3/21/1989,17,
3/22/1989,17,
3/23/1989,17,
3/24/1989,14,
3/25/1989,13,
3/26/1989,9,
3/27/1989,10,
3/28/1989,12,
3/29/1989,10,
3/30/1989,10,
3/31/1989,13,
04-01-1989,13,
04-02-1989,15,
04-03-1989,14,
04-04-1989,14,
04-05-1989,19,
04-06-1989,13,
04-07-1989,14,
04-08-1989,12,
04-09-1989,14,
04-10-1989,14,
04-11-1989,15,
04-12-1989,14,
4/13/1989,14,
4/14/1989,13,
4/15/1989,9,
4/16/1989,11,
4/17/1989,11,
4/18/1989,12,
4/19/1989,9,
4/20/1989,9,
4/21/1989,10,
4/22/1989,10,
4/23/1989,10,
4/24/1989,8,
4/25/1989,11,
4/26/1989,12,
4/27/1989,14,
4/28/1989,16,
4/29/1989,15,
4/30/1989,13,
05-01-1989,14,
05-02-1989,15,
05-03-1989,12,
05-04-1989,14,
05-05-1989,10,
05-06-1989,10,
05-07-1989,11,
05-08-1989,11,
05-09-1989,10,
05-10-1989,13,
05-11-1989,14,
05-12-1989,13,
5/13/1989,12,
5/14/1989,11,
5/15/1989,10,
5/16/1989,8,
5/17/1989,8,
5/18/1989,12,
5/19/1989,12,
5/20/1989,7,
5/21/1989,5,
5/22/1989,11,
5/23/1989,10,
5/24/1989,9,
5/25/1989,11,
5/26/1989,9,
5/27/1989,10,
5/28/1989,10,
5/29/1989,12,
5/30/1989,13,
5/31/1989,7,
06-01-1989,2,
06-02-1989,1,
06-03-1989,2,
06-04-1989,7,
06-05-1989,9,
06-06-1989,8,
06-07-1989,9,
06-08-1989,10,
06-09-1989,8,
06-10-1989,7,
06-11-1989,9,
06-12-1989,9,
6/13/1989,6,
6/14/1989,10,
6/15/1989,10,
6/16/1989,10,
6/17/1989,11,
6/18/1989,10,
6/19/1989,10,
6/20/1989,8,
6/21/1989,7,
6/22/1989,5,
6/23/1989,5,
6/24/1989,5,
6/25/1989,5,
6/26/1989,2,
6/27/1989,1,
6/28/1989,1,
6/29/1989,2,
6/30/1989,8,
07-01-1989,6,
07-02-1989,7,
07-03-1989,10,
07-04-1989,7,
07-05-1989,5,
07-06-1989,7,
07-07-1989,6,
07-08-1989,7,
07-09-1989,10,
07-10-1989,8,
07-11-1989,9,
07-12-1989,7,
7/13/1989,8,
7/14/1989,3,
7/15/1989,2,
7/16/1989,3,
7/17/1989,5,
7/18/1989,6,
7/19/1989,6,
7/20/1989,7,
7/21/1989,5,
7/22/1989,2,
7/23/1989,3,
7/24/1989,5,
7/25/1989,8,
7/26/1989,4,
7/27/1989,6,
7/28/1989,9,
7/29/1989,11,
7/30/1989,8,
7/31/1989,8,
08-01-1989,4,
08-02-1989,8,
08-03-1989,8,
08-04-1989,8,
08-05-1989,7,
08-06-1989,8,
08-07-1989,8,
08-08-1989,6,
08-09-1989,7,
08-10-1989,11,
08-11-1989,7,
08-12-1989,8,
8/13/1989,6,
8/14/1989,4,
8/15/1989,6,
8/16/1989,7,
8/17/1989,7,
8/18/1989,7,
8/19/1989,9,
8/20/1989,8,
8/21/1989,5,
8/22/1989,9,
8/23/1989,7,
8/24/1989,6,
8/25/1989,7,
8/26/1989,6,
8/27/1989,4,
8/28/1989,6,
8/29/1989,7,
8/30/1989,4,
8/31/1989,8,
09-01-1989,9,
09-02-1989,9,
09-03-1989,6,
09-04-1989,9,
09-05-1989,9,
09-06-1989,8,
09-07-1989,5,
09-08-1989,7,
09-09-1989,13,
09-10-1989,8,
09-11-1989,8,
09-12-1989,8,
9/13/1989,7,
9/14/1989,7,
9/15/1989,9,
9/16/1989,7,
9/17/1989,10,
9/18/1989,9,
9/19/1989,11,
9/20/1989,9,
9/21/1989,7,
9/22/1989,13,
9/23/1989,8,
9/24/1989,6,
9/25/1989,9,
9/26/1989,6,
9/27/1989,9,
9/28/1989,5,
9/29/1989,12,
9/30/1989,13,
10-01-1989,11,
10-02-1989,6,
10-03-1989,5,
10-04-1989,10,
10-05-1989,12,
10-06-1989,9,
10-07-1989,7,
10-08-1989,10,
10-09-1989,9,
10-10-1989,10,
10-11-1989,11,
10-12-1989,11,
10/13/1989,11,
10/14/1989,8,
10/15/1989,11,
10/16/1989,8,
10/17/1989,7,
10/18/1989,13,
10/19/1989,13,
10/20/1989,9,
10/21/1989,10,
10/22/1989,10,
10/23/1989,12,
10/24/1989,10,
10/25/1989,13,
10/26/1989,12,
10/27/1989,8,
10/28/1989,9,
10/29/1989,9,
10/30/1989,14,
10/31/1989,8,
11-01-1989,8,
11-02-1989,10,
11-03-1989,9,
11-04-1989,13,
11-05-1989,15,
11-06-1989,13,
11-07-1989,11,
11-08-1989,12,
11-09-1989,8,
11-10-1989,10,
11-11-1989,11,
11-12-1989,13,
11/13/1989,9,
11/14/1989,11,
11/15/1989,13,
11/16/1989,14,
11/17/1989,16,
11/18/1989,11,
11/19/1989,12,
11/20/1989,12,
11/21/1989,13,
11/22/1989,16,
11/23/1989,22,
11/24/1989,15,
11/25/1989,14,
11/26/1989,13,
11/27/1989,13,
11/28/1989,14,
11/29/1989,18,
11/30/1989,18,
12-01-1989,16,
12-02-1989,18,
12-03-1989,14,
12-04-1989,13,
12-05-1989,11,
12-06-1989,14,
12-07-1989,16,
12-08-1989,17,
12-09-1989,14,
12-10-1989,19,
12-11-1989,16,
12-12-1989,15,
12/13/1989,13,
12/14/1989,10,
12/15/1989,12,
12/16/1989,13,
12/17/1989,12,
12/18/1989,17,
12/19/1989,16,
12/20/1989,13,
12/21/1989,12,
12/22/1989,12,
12/23/1989,12,
12/24/1989,13,
12/25/1989,16,
12/26/1989,16,
12/27/1989,13,
12/28/1989,12,
12/29/1989,10,
12/30/1989,14,
12/31/1989,13,
01-01-1990,15,
01-02-1990,13,
01-03-1990,16,
01-04-1990,15,
01-05-1990,14,
01-06-1990,15,
01-07-1990,16,
01-08-1990,15,
01-09-1990,17,
01-10-1990,19,
01-11-1990,22,
01-12-1990,19,
1/13/1990,16,
1/14/1990,16,
1/15/1990,15,
1/16/1990,11,
1/17/1990,12,
1/18/1990,15,
1/19/1990,15,
1/20/1990,15,
1/21/1990,13,
1/22/1990,14,
1/23/1990,14,
1/24/1990,21,
1/25/1990,15,
1/26/1990,17,
1/27/1990,17,
1/28/1990,17,
1/29/1990,14,
1/30/1990,16,
1/31/1990,16,
02-01-1990,12,
02-02-1990,12,
02-03-1990,15,
02-04-1990,15,
02-05-1990,14,
02-06-1990,13,
02-07-1990,13,
02-08-1990,16,
02-09-1990,16,
02-10-1990,18,
02-11-1990,16,
02-12-1990,15,
2/13/1990,13,
2/14/1990,14,
2/15/1990,17,
2/16/1990,16,
2/17/1990,19,
2/18/1990,13,
2/19/1990,14,
2/20/1990,14,
2/21/1990,16,
2/22/1990,20,
2/23/1990,17,
2/24/1990,15,
2/25/1990,17,
2/26/1990,17,
2/27/1990,17,
2/28/1990,19,
03-01-1990,19,
03-02-1990,17,
03-03-1990,19,
03-04-1990,20,
03-05-1990,19,
03-06-1990,17,
03-07-1990,14,
03-08-1990,10,
03-09-1990,13,
03-10-1990,15,
03-11-1990,15,
03-12-1990,12,
3/13/1990,9,
3/14/1990,11,
3/15/1990,15,
3/16/1990,12,
3/17/1990,12,
3/18/1990,15,
3/19/1990,15,
3/20/1990,14,
3/21/1990,13,
3/22/1990,14,
3/23/1990,16,
3/24/1990,17,
3/25/1990,17,
3/26/1990,18,
3/27/1990,21,
3/28/1990,14,
3/29/1990,11,
3/30/1990,12,
3/31/1990,13,
04-01-1990,15,
04-02-1990,15,
04-03-1990,11,
04-04-1990,12,
04-05-1990,14,
04-06-1990,17,
04-07-1990,16,
04-08-1990,15,
04-09-1990,15,
04-10-1990,15,
04-11-1990,19,
04-12-1990,16,
4/13/1990,18,
4/14/1990,15,
4/15/1990,10,
4/16/1990,10,
4/17/1990,13,
4/18/1990,13,
4/19/1990,12,
4/20/1990,14,
4/21/1990,15,
4/22/1990,15,
4/23/1990,11,
4/24/1990,13,
4/25/1990,14,
4/26/1990,12,
4/27/1990,10,
4/28/1990,9,
4/29/1990,11,
4/30/1990,10,
05-01-1990,13,
05-02-1990,14,
05-03-1990,13,
05-04-1990,14,
05-05-1990,16,
05-06-1990,13,
05-07-1990,7,
05-08-1990,5,
05-09-1990,7,
05-10-1990,14,
05-11-1990,11,
05-12-1990,12,
5/13/1990,11,
5/14/1990,10,
5/15/1990,10,
5/16/1990,9,
5/17/1990,13,
5/18/1990,9,
5/19/1990,9,
5/20/1990,9,
5/21/1990,6,
5/22/1990,5,
5/23/1990,7,
5/24/1990,10,
5/25/1990,11,
5/26/1990,11,
5/27/1990,8,
5/28/1990,6,
5/29/1990,5,
5/30/1990,6,
5/31/1990,10,
06-01-1990,10,
06-02-1990,8,
06-03-1990,8,
06-04-1990,9,
06-05-1990,10,
06-06-1990,7,
06-07-1990,6,
06-08-1990,7,
06-09-1990,8,
06-10-1990,10,
06-11-1990,7,
06-12-1990,7,
6/13/1990,11,
6/14/1990,5,
6/15/1990,4,
6/16/1990,6,
6/17/1990,9,
6/18/1990,8,
6/19/1990,8,
6/20/1990,8,
6/21/1990,9,
6/22/1990,8,
6/23/1990,11,
6/24/1990,8,
6/25/1990,8,
6/26/1990,5,
6/27/1990,6,
6/28/1990,4,
6/29/1990,6,
6/30/1990,9,
07-01-1990,7,
07-02-1990,7,
07-03-1990,8,
07-04-1990,8,
07-05-1990,9,
07-06-1990,4,
07-07-1990,6,
07-08-1990,10,
07-09-1990,10,
07-10-1990,9,
07-11-1990,5,
07-12-1990,5,
7/13/1990,8,
7/14/1990,10,
7/15/1990,10,
7/16/1990,11,
7/17/1990,9,
7/18/1990,11,
7/19/1990,7,
7/20/1990,8,
7/21/1990,10,
7/22/1990,10,
7/23/1990,10,
7/24/1990,11,
7/25/1990,9,
7/26/1990,7,
7/27/1990,8,
7/28/1990,7,
7/29/1990,8,
7/30/1990,6,
7/31/1990,5,
08-01-1990,7,
08-02-1990,10,
08-03-1990,6,
08-04-1990,9,
08-05-1990,11,
08-06-1990,8,
08-07-1990,8,
08-08-1990,9,
08-09-1990,7,
08-10-1990,7,
08-11-1990,6,
08-12-1990,9,
8/13/1990,8,
8/14/1990,9,
8/15/1990,8,
8/16/1990,8,
8/17/1990,7,
8/18/1990,8,
8/19/1990,9,
8/20/1990,10,
8/21/1990,10,
8/22/1990,6,
8/23/1990,7,
8/24/1990,8,
8/25/1990,7,
8/26/1990,8,
8/27/1990,2,
8/28/1990,6,
8/29/1990,12,
8/30/1990,9,
8/31/1990,8,
09-01-1990,6,
09-02-1990,10,
09-03-1990,9,
09-04-1990,8,
09-05-1990,10,
09-06-1990,10,
09-07-1990,8,
09-08-1990,3,
09-09-1990,5,
09-10-1990,11,
09-11-1990,15,
09-12-1990,13,
9/13/1990,10,
9/14/1990,7,
9/15/1990,10,
9/16/1990,10,
9/17/1990,4,
9/18/1990,7,
9/19/1990,12,
9/20/1990,16,
9/21/1990,10,
9/22/1990,7,
9/23/1990,5,
9/24/1990,11,
9/25/1990,16,
9/26/1990,10,
9/27/1990,5,
9/28/1990,11,
9/29/1990,9,
9/30/1990,10,
10-01-1990,11,
10-02-1990,11,
10-03-1990,10,
10-04-1990,11,
10-05-1990,14,
10-06-1990,9,
10-07-1990,10,
10-08-1990,6,
10-09-1990,10,
10-10-1990,9,
10-11-1990,12,
10-12-1990,10,
10/13/1990,8,
10/14/1990,8,
10/15/1990,16,
10/16/1990,15,
10/17/1990,11,
10/18/1990,11,
10/19/1990,11,
10/20/1990,6,
10/21/1990,11,
10/22/1990,9,
10/23/1990,11,
10/24/1990,12,
10/25/1990,12,
10/26/1990,13,
10/27/1990,14,
10/28/1990,18,
10/29/1990,14,
10/30/1990,15,
10/31/1990,15,
11-01-1990,15,
11-02-1990,12,
11-03-1990,13,
11-04-1990,11,
11-05-1990,13,
11-06-1990,18,
11-07-1990,19,
11-08-1990,15,
11-09-1990,13,
11-10-1990,12,
11-11-1990,9,
11-12-1990,13,
11/13/1990,14,
11/14/1990,15,
11/15/1990,13,
11/16/1990,12,
11/17/1990,9,
11/18/1990,11,
11/19/1990,10,
11/20/1990,8,
11/21/1990,15,
11/22/1990,12,
11/23/1990,11,
11/24/1990,11,
11/25/1990,13,
11/26/1990,13,
11/27/1990,9,
11/28/1990,15,
11/29/1990,15,
11/30/1990,13,
12-01-1990,13,
12-02-1990,13,
12-03-1990,16,
12-04-1990,17,
12-05-1990,21,
12-06-1990,20,
12-07-1990,19,
12-08-1990,16,
12-09-1990,14,
12-10-1990,11,
12-11-1990,11,
12-12-1990,14,
12/13/1990,11,
12/14/1990,13,
12/15/1990,13,
12/16/1990,14,
12/17/1990,14,
12/18/1990,17,
12/19/1990,15,
12/20/1990,15,
12/21/1990,13,
12/22/1990,13,
12/23/1990,14,
12/24/1990,10,
12/25/1990,13,
12/26/1990,15,
12/27/1990,14,
12/28/1990,14,
12/29/1990,14,
12/30/1990,16,
12/31/1990,13,
